customer_id,churn_prediction,churn_probability
767114958,0,4.464475112269724e-06
708123033,0,0.00016264325390286585
715424283,0,0.000805512645514457
717865008,0,4.62126827556445e-06
710188308,0,0.00010175007451677248
716574033,0,1.95602058921281e-05
713183508,0,5.321356426356527e-06
718583133,0,0.00015245196652185388
783554958,0,7.069328407318464e-05
714418158,0,6.201574845379502e-06
710061783,1,0.9999412881412922
716225433,0,4.6942897217447614e-05
788327358,0,4.4057482762678014e-05
714847983,0,4.1934584196077646e-06
720031908,0,7.117446017220383e-06
713700258,0,6.530450128513022e-06
721265883,0,0.001114894437990504
715321008,1,0.9999522614047168
717831783,0,7.270713093328894e-05
711480108,0,0.00018574346380928185
797638383,0,5.941625660836805e-06
709950858,0,4.831332565614173e-06
717060858,1,0.9999518166689638
716045508,0,0.0011587974673381172
787482033,1,0.9995155608658366
719601708,0,1.1541941929684848e-05
717683583,0,9.47516811234003e-06
813905508,0,2.533197372194855e-05
769985883,1,0.2816869924392657
718927533,0,0.00021287023792294132
784868958,0,2.5412412042072167e-05
787539333,0,7.93297546452508e-06
789871233,0,8.82520280351218e-06
826061508,0,4.812646024521039e-05
716354883,1,0.9999254972510855
717678408,0,3.163756153213049e-05
715341858,0,0.00012326207678259004
713003358,1,0.9999654294200121
713374533,0,4.3013814127106316e-05
709985133,0,0.00033529628242489435
771204108,0,4.4660163925287775e-06
713758758,0,5.5959034996294854e-05
709453833,0,1.946985968801701e-05
713227233,0,9.673229099270774e-06
714967233,1,0.9782231827641406
714358008,0,0.00018799334042735223
779514558,0,8.699203251889923e-05
794498733,0,2.2143421676214987e-05
793015083,0,5.554165872046802e-06
789212883,1,0.9999921549889893
718677858,0,8.452816146794421e-05
713675658,0,2.1252210022156143e-05
719523108,0,5.563875191952547e-05
708390633,0,0.00011370782349495376
715098333,0,2.30200322270906e-05
712060158,0,1.297352653856599e-05
716831508,0,0.001134494557659542
778172583,0,3.442741314054003e-05
789430083,0,4.842533857772184e-06
709996833,1,0.9980258371158383
708890133,0,0.00015564272558379454
773332908,0,2.9303994446963145e-06
715870758,0,4.6940683203205037e-05
789363408,0,9.132528975529447e-06
779118708,0,6.315878044645779e-06
710544033,0,1.569258864349067e-06
717500133,0,4.272531491717599e-05
712046808,1,0.9964768573098083
815484783,0,8.799069636767513e-06
713843283,0,4.16812659006216e-06
717260058,0,0.0001898338231678784
773383158,0,0.0001092245768601601
711041508,0,8.240840326248733e-05
816843933,0,7.97407472405066e-06
715043508,0,3.165997404311013e-05
717241233,0,2.6418718959098558e-05
717521508,0,4.432024601247614e-05
708331758,0,4.759446884036738e-05
715571583,0,1.2403360946301647e-05
711146358,0,0.00028125170417854473
789594108,0,3.465383799994994e-05
779327733,0,0.00012548362958546107
711391308,0,3.4258185373911273e-06
718994583,0,0.00016679849776519087
718212633,0,2.342022381002436e-06
711861258,0,0.0007091334498241083
718123608,0,8.001205036371535e-06
718958583,1,0.988450112413461
772207683,0,9.983016101558116e-05
719629308,1,0.9675565128601301
708303108,0,0.00018050435708249853
788957358,0,6.236202918888045e-05
708727983,0,0.00017689580533666185
714217908,0,0.0014231998336560426
708928908,0,0.0007161807868609496
712411908,0,3.862104102647404e-05
771075258,0,0.0003294036887795185
717866133,0,5.077674982124255e-05
713652783,0,0.0012667745689476087
714076683,1,0.9999839381993244
803963808,0,5.589954904748178e-05
778968408,0,2.351949795909719e-05
720064158,0,6.504384488632112e-06
778921908,0,1.1633206337147523e-05
770878458,0,8.755172958057082e-06
786087633,0,2.7976366596829707e-05
788752833,0,0.00017171584961471814
766006758,0,0.0001909290334915048
710342508,0,1.910612467249222e-05
711422358,0,5.046943739027011e-05
778574283,0,2.117368987188619e-05
709987683,1,0.9999991001366565
821168733,0,3.883146121479892e-06
717765183,0,2.1189132342079624e-05
708723858,0,2.9831103057187343e-05
720618033,0,3.7499817779457393e-05
718899708,0,0.00034001101950013163
716437533,0,0.00022952292398440203
717491058,0,0.00014955595806861977
711029358,0,0.0009959676042483945
716768808,0,1.3978297592422793e-05
801056358,0,3.524555833417138e-06
779210283,0,1.4867750628978608e-05
718441308,0,1.463586937806087e-06
713241033,0,0.0004132103610650464
711064008,0,0.0005742127866354918
772137183,1,0.999889200749862
788739633,1,0.9981654825793589
708953883,1,0.9999511529259371
716549058,0,8.976022603580139e-05
824789283,0,1.9163102964504835e-05
788252358,0,2.3623301190296977e-06
819752133,0,5.26814420205592e-06
716944983,0,0.0009904872437646003
716545383,0,0.00029834126257737313
720836808,0,6.990149515008568e-06
783361533,0,1.9020642337938855e-05
710893533,0,0.0004766581151557572
709793133,0,0.0003477544985486395
716609433,1,0.9988642304103402
715222533,1,0.9997572475850034
713597658,1,0.9930682532591031
720837708,0,0.0003259072610700472
786546783,0,0.01897377564963393
778747608,0,2.753210194867897e-05
801385458,0,1.0555590716379013e-05
720844008,0,4.954456863024728e-06
754443033,1,0.9994633230551915
799486158,0,6.758128783987824e-06
798140283,0,0.0012504592271907746
772036233,0,0.00022794537891335535
711427458,1,0.08267809977761476
712727283,0,1.0783637025457676e-05
710754933,1,0.9999217067837662
709938708,0,2.019703716631563e-06
710831133,0,0.0015085146899553685
715570533,1,0.999865451134191
794576058,0,8.534759902033454e-06
786557358,0,6.310502554456874e-05
708212658,0,0.00010937062526417307
818993508,0,4.457237669223049e-06
718466883,0,3.231354235304359e-06
717085983,0,4.769576010469549e-05
709986633,0,4.375998457682782e-05
779348358,1,0.9998580146290893
752944533,0,0.0006005657323873022
712340733,0,0.00022764105621615825
814459833,0,0.0014013209922695584
718373658,0,3.2733284075027868e-06
771359958,0,0.0001944763521937497
779198133,0,3.612232575407392e-05
788618208,0,0.00011013309500532533
712288158,0,0.00016214643295357398
711838008,1,0.9991213192986229
710202783,0,5.633777438667406e-06
771976683,0,0.0008536825924016443
716176683,0,3.4260436010401185e-05
711278283,0,7.919256877806018e-05
715019883,0,0.00027467261394979297
720292983,0,2.0526375895596564e-05
716498883,0,4.2937354251981054e-05
713798958,0,9.83720089698278e-05
716939358,0,5.560354563877557e-05
709005633,1,0.9997451071047201
795573333,0,1.1118947703577342e-06
771069033,0,2.5972905539785658e-06
801709308,0,4.327414827679469e-06
716345283,0,0.00014625374528876955
714835833,0,1.8507191274875178e-05
779783508,0,1.0556753077518443e-05
825767658,0,7.324671242292912e-06
717575958,1,0.9999362064703652
720753183,0,0.00034123836070123933
711766758,0,8.018863782598518e-05
711397533,0,9.83249846343783e-06
767058183,0,8.628233094398447e-05
788864508,0,4.621424907854259e-05
778377183,0,3.159076008623297e-05
710844408,0,0.00014496016535482084
714919308,1,0.9999435246032014
708874533,1,0.9999857221063292
778356408,0,6.426041571308726e-06
769035933,0,4.8659220985166365e-06
771228183,0,1.7627681118073193e-05
772539558,0,0.00032941079386722633
714045783,1,0.9999860519619173
809797158,0,0.00026505094850355
719531133,0,0.001213709665020397
719192808,0,9.536144981689453e-06
720662508,0,3.594499749844026e-05
820848408,0,1.1226276522933989e-06
712412958,0,0.00032588089827856456
778984383,0,4.659093942959225e-06
712865583,0,1.7093643896791449e-06
819997983,0,1.0480284056232366e-05
718301508,0,1.6899616481201176e-05
789197508,0,0.00027700861584768944
809459733,0,3.566421208267771e-05
813901458,0,1.9622457993238023e-05
772360683,0,0.0005900103304895987
779725833,0,9.94890773885576e-06
712996833,0,1.263339226092383e-05
779681433,1,0.9808972817149885
787591008,0,1.4214813512538268e-06
712642533,0,6.455964296330261e-06
721051908,0,5.590933203082477e-05
715503558,0,8.10219083054655e-05
709841433,0,0.0005038251757608552
710424408,0,0.0014158342125424148
709592808,0,2.639384135406582e-06
788038383,0,0.0017474855446210828
714363858,0,1.4680184735185682e-05
815015283,0,0.0010515738531576152
771336783,0,1.3975118225977865e-05
738899658,1,0.9998459274957878
796170933,0,0.01007257195045185
720992883,0,0.0001538154436159551
712238958,0,1.269672619087819e-05
718530258,0,0.00015255564822840126
711794358,1,0.9974890166319299
716366208,0,5.445237122102522e-06
770038983,1,0.9995718366376067
709937583,0,3.3214447401181604e-06
787623858,0,7.742463553382345e-05
711676008,0,0.002513110284512075
812218908,1,0.9999500819497605
720281508,0,9.930171083860505e-06
721139808,0,0.00025212022230377125
709990983,0,0.0005044314038984815
718244958,0,0.0001649291156230843
756639708,0,0.00012216488571536443
718645308,0,5.982880684673088e-06
717389433,0,0.00017657220272880453
779310033,1,0.9999951120169395
717192933,0,4.20779668220757e-05
718379358,0,3.850417779356897e-06
779661033,0,5.090702384857061e-06
715880283,0,1.729853485100741e-05
719469333,0,2.19193045189155e-05
708974283,0,4.324449956509779e-05
789859833,0,0.0006515921429135737
772339383,0,0.0004902302072272566
716319258,0,2.789547519565196e-06
720330558,1,0.9999657682363626
789827208,0,0.00012557675371739822
751450008,0,0.00013968831540568376
789791808,0,8.199650201238008e-06
717321783,0,0.00020866647076747617
712549758,0,0.0005266460242093126
712470033,0,0.00026463603323609064
719291283,0,1.0466072606445713e-05
720413658,0,1.655382386760248e-05
709230708,0,0.0020017191852687724
708384033,1,0.9941051583348939
715029333,0,8.723944563602215e-05
771040758,0,0.0005384991160147002
711635358,0,3.0308912768047785e-06
716604633,0,0.00014422592514343085
716438433,0,1.4363707754015604e-05
711216933,0,4.300852111195531e-06
713916708,0,2.3869486622290746e-05
710106933,0,0.0002685492146310248
806189658,0,1.572462226604186e-06
770632758,0,0.007618955340099651
789238683,0,0.0010478398616467317
711873033,1,0.9986735679305939
720384633,0,2.0062137625434885e-05
712181658,0,4.982021022105811e-06
714957108,0,2.1917952966848015e-05
720247158,0,0.0024783841553050953
772313358,0,1.3194744946565007e-05
803652633,0,0.0003475945940280031
771422883,1,0.9999735882088844
718009158,0,1.1209512189103637e-06
712612233,0,7.621672426385279e-05
709901058,0,3.651849547927299e-06
716682258,0,3.0636148086882047e-06
711478233,0,0.017948664788154847
720040158,0,8.82973806729511e-05
720212508,0,3.0168754517406097e-05
787605558,0,8.587923975102253e-06
780557658,0,0.0013030285413083728
709952658,0,0.0001798916226928893
793379058,0,4.702270482953289e-06
716971833,0,0.00011712914129952848
720997383,1,0.9992831356227541
827111283,0,0.0002517414211361946
769396158,1,0.9999837356307989
820085808,0,0.0032981855576875592
780349833,0,2.065979819092572e-05
715964058,0,1.0184257148848887e-05
771903033,0,3.335639855262027e-05
802668333,1,0.9997112082499928
718504983,0,0.0012523411813836329
714882258,0,9.959110837555216e-06
714211533,0,0.0022731134009313244
720198183,0,6.619593568010834e-05
803587533,0,5.450537347560927e-06
720050208,0,9.449114844360933e-05
771058908,0,0.00022554418752656193
708971583,0,7.074777487589594e-05
788812608,0,6.346171691462317e-05
805282908,0,3.6781634766473494e-06
717403158,0,0.0004143971393620123
718418958,1,0.9999890128094284
721374033,0,1.0687222699648886e-05
710849208,0,1.4540615386084597e-05
771823308,0,9.924213248877591e-05
719019483,0,0.0001686903592213943
769927533,0,1.2647456966124286e-05
718951683,0,2.368275225762989e-05
709666908,0,7.010351893553189e-06
719857008,0,6.017046694547473e-06
788709408,0,2.1480046421259334e-05
710641008,0,0.0002821518501364105
815812683,0,7.397157569451582e-05
717624708,1,0.9999852285279532
789398733,0,1.9192540386860034e-06
716136333,1,0.9995826753692261
715162608,1,0.9997530749752338
710822808,0,0.00026054558396321236
714147858,0,7.550621151171655e-05
767333808,0,5.3401562214159274e-05
719654283,0,2.6935533166186174e-06
766273533,0,3.622131351784624e-05
779601783,0,0.00010673088388868503
711370458,0,0.00018033466699666836
715519983,0,3.308375865125697e-06
788782008,0,0.0006441274768138936
787595658,0,5.749277945788124e-05
758211483,0,7.72477839245286e-06
710637183,0,1.4645070589597338e-05
712144158,1,0.9992594092068092
715378383,0,5.992106550230482e-06
771061008,1,0.999531617661595
719583558,0,2.4120158017207977e-05
810986883,0,2.5984350088907778e-05
788797983,0,0.0011024895310950307
815104608,0,0.0001726642670835018
715369008,0,2.9329029607564345e-05
713418558,0,0.0005182438363892584
708332808,0,3.263722710050902e-05
719729433,0,0.00029192295740974227
789022233,0,2.5699740684638808e-05
714234858,0,9.187166838973894e-05
709170108,1,0.999996920837931
779727558,0,0.001551447589816746
708245808,0,4.550920579457689e-05
778255083,0,1.71374580796972e-05
718755483,0,7.039936270902913e-05
712627083,1,0.9270636815530994
788990508,0,0.00010761985357377343
804437658,0,0.0007409674792197587
778430733,0,0.0003079020977014464
808747233,1,0.9999074468214953
710555433,1,0.9933699089249565
708826158,0,1.4394166570215316e-05
717023508,0,1.7508887528745053e-05
719694408,1,0.9935191422354039
710014683,0,4.883828886924338e-05
815596608,0,3.9445864024675096e-06
712721358,1,0.9994193645810956
716870583,0,3.5783693644391694e-05
780076833,0,1.3174380757592686e-05
793616883,0,5.5373129110430334e-05
789105183,0,0.00021203921222473724
817970208,0,0.00013377362687720524
779844408,1,0.9999924667676895
719206308,0,9.881392251607319e-05
721269108,0,2.673611605543339e-05
772139433,0,7.251534766217709e-05
717042333,1,0.9999291165319347
710273658,0,4.562716484647218e-05
716626008,0,4.3765262025830275e-06
716230158,0,1.99211941826785e-06
713010483,0,4.792582226142448e-05
711220683,0,4.479059746581797e-06
721398858,0,2.462282290402359e-05
779400183,0,0.00035322222854176254
789964983,1,0.9996627485886288
715102308,0,1.8746715533045087e-05
712730583,0,0.0002106803324226709
718870158,0,6.285346019089706e-05
719484408,0,0.0002789151838361741
720244983,0,5.083205913663537e-05
781306758,1,0.9999074133667353
779412783,0,0.00021239521254093403
721217283,0,0.00011792457783314112
815062383,0,4.0490770253667875e-05
714155283,0,6.328655794735053e-05
716981358,0,2.386274344288462e-05
824915208,0,1.881598118839899e-05
708498033,1,0.9997063493128094
716860233,0,1.4282082482698816e-05
709839858,0,6.120761592772093e-06
713144208,1,0.9999799072269177
708573933,0,6.404402268152285e-06
712579983,0,3.090413673182588e-06
790099758,0,0.0005232063224736511
711305208,0,3.987992799247226e-05
720062508,1,0.99992930375411
708205083,0,7.632237413014187e-05
772336458,1,0.9998858827388298
710986758,0,1.4771352780239374e-05
789271533,0,5.173440935275446e-05
711360783,0,7.218778938205593e-05
714035283,1,0.9999141470215308
720415833,0,1.7762965271630307e-05
778873608,0,1.9190552680208877e-05
718661958,0,0.00044714467871928413
719026383,0,0.0004979008910171795
710229333,0,5.4658709787473504e-05
720437358,0,0.0023872965285493923
811467708,0,1.609612600504467e-05
778933983,0,3.363036820877752e-05
719413383,0,5.8806299360644725e-05
718252533,1,0.9940356106963661
718188858,0,4.058628916458139e-05
711382458,1,0.9996425472004457
721212258,0,3.5032752075345387e-06
717600483,0,0.00013014282806439104
761544333,0,0.0005202115635738573
809425533,0,1.3595960626711789e-05
709678608,0,8.500567921924928e-05
713151258,0,4.033816423337062e-05
715345833,0,0.0005923490930647854
720776508,0,6.095400639197793e-05
720689583,0,1.9053544649724523e-05
801728658,0,0.0001544026610542892
718979733,0,0.00014791574945635327
721163133,0,0.00036367996824901704
710595783,0,9.740613030390377e-05
714781908,0,8.528313453870977e-06
709618308,0,1.9173961038474235e-05
713971608,0,9.908588456985264e-06
718020408,0,4.315286778955813e-06
716513358,0,0.00017029041958240164
710401458,0,0.003123604903444009
712177908,0,6.86021749666864e-05
719216508,0,7.578345208049129e-06
711017433,0,0.00016281920966045198
788386908,0,2.8536774575945338e-05
710819733,1,0.9994466026168246
711978858,0,9.019271419908936e-06
807136758,1,0.9998259279896438
716138958,0,9.392182849221164e-05
713070033,0,3.867976004407328e-05
827055333,0,0.002728801097716798
827408058,0,1.6974757215595958e-05
793608258,1,0.9999459086128945
717013383,0,1.488488835851563e-05
714320358,0,0.0027942554931064453
716948283,0,6.580809531034031e-05
717657333,0,0.00488906872801283
788687133,0,0.0005653409168027936
710736558,0,0.00028400412371859605
708721533,0,0.001108642017929167
817108083,1,0.999826814751439
719737833,0,0.0006283809475218342
813967983,0,1.8274833372793494e-06
771464808,0,1.5186884376784541e-05
713025558,1,0.9985497535373086
779016408,0,0.00029072380954343457
712096758,0,1.298768533866766e-05
789523683,0,2.8749857372134818e-05
713177808,0,3.756682618736773e-06
718777008,0,0.0012594804766608836
711004533,0,3.122844066112688e-05
720046458,0,4.5973452815872975e-05
710453283,0,0.026438266798075427
708736608,1,0.9998629583487025
778908783,0,5.892879800034241e-05
716056158,1,0.9999810166713186
773257233,0,1.797842612315614e-05
711371208,0,4.139928628965421e-06
711831558,0,5.751152834177236e-06
712164333,1,0.9997468641290462
780126033,1,0.9988372538924274
821889858,1,0.9998615482376317
779656908,0,1.3872680996873903e-05
766821033,1,0.9966892499538721
789196158,0,0.0020356768456913726
714228558,0,7.211917624456154e-05
827360883,0,6.855059712240503e-05
712815858,0,0.0004980120841385873
714533058,0,4.878342595103439e-07
790149483,0,3.270185843282224e-05
771584658,0,4.2329232210338984e-05
814181433,0,0.00017982025230667102
788761608,0,2.687515013809917e-05
709009833,0,8.475737852713055e-05
708244458,0,0.00010339146572904311
797998158,0,8.211400705724886e-06
808279158,0,5.7845956123763244e-05
804601833,0,0.00019274584529283106
789690483,0,0.0003128307300293457
819109308,0,3.39905814019789e-05
739317558,0,4.431616537680782e-06
721305408,0,7.9563849854203e-05
716535408,0,4.1287120069799296e-06
719391783,0,2.178867876260999e-05
780602733,0,5.476601088323505e-06
789556533,0,9.978839242104439e-06
713422083,1,0.9996857913747698
721506708,0,0.00012721260825929151
715774833,0,0.00022863704316290474
714962658,1,0.9999972698074364
783561558,0,3.6573192545511995e-05
826709658,1,0.9999719624133149
790017858,0,0.00019451951581414667
712319958,0,0.00027131411956750155
717483558,0,2.110874372122248e-05
713985183,0,9.776723048950772e-05
708404883,0,0.0022195104658804888
717208833,1,0.9984014267530416
816091608,0,1.3757422732234523e-06
709087983,0,0.00026448207186488684
710763783,0,0.00013418140955189262
719018208,1,0.9986042758969971
713976258,0,5.469936015929222e-06
709554483,0,4.822422424571755e-05
794485158,0,2.3107622471881678e-05
718795083,0,3.181678226438119e-06
826451433,0,1.0221179321007258e-05
826717533,0,4.8987736387387656e-05
715294083,1,0.9550016504405278
779187783,0,1.0136968943122522e-05
719513733,0,4.738436779032475e-06
709816158,0,0.0031811572404304403
711720408,0,8.280759396145383e-05
714960408,1,0.9999843504197569
770746908,0,3.0746053828070283e-05
716101308,0,7.140358553710229e-05
809825358,0,8.850944675399937e-06
719826333,0,1.4579387611068238e-05
710207208,0,0.00010744214939793031
720128658,1,0.999390826759743
780727833,0,0.0006361591059267607
802247658,1,0.9761631304040704
717787533,0,0.014607227669400221
721115733,0,4.04072899283955e-05
709446783,0,0.0012883733170760932
784719708,0,4.220510194705881e-05
718570158,0,0.0019016918962752247
709965858,0,1.277437053246653e-05
757594083,0,4.050002086285687e-05
789599283,0,4.170611832843743e-05
718947558,0,8.551761645449003e-06
721147383,0,1.179421050312858e-05
720683958,0,0.00040497002376045887
780657708,0,9.8993442437435e-05
713935533,0,9.330757447549947e-06
713948808,0,2.9078538304481528e-05
715406658,1,0.9996931885309189
772640808,0,7.503791861067697e-05
708496833,1,0.9983236244714208
804847308,0,2.7305081223822782e-06
716931183,0,5.049961018489358e-07
714030183,0,0.0005931594210711225
809296308,0,4.241567053315199e-05
708358683,0,1.7565278218250096e-05
794664183,0,1.030892060617347e-05
712475733,0,0.004676425604059045
708770883,0,0.0002702870947188187
821339433,0,2.514040025508933e-06
709206333,1,0.9995841807697229
806914158,1,0.9999959084681715
709607733,0,4.513336221303938e-06
712843983,1,0.9850779373329891
780511683,1,0.9906848203925724
709161108,1,0.9791174658750209
708272808,0,1.811565699415085e-05
708680583,0,2.8310424002022364e-05
708712833,0,0.00012076685316776504
711947358,0,9.383391725487266e-06
719634408,0,3.853651958682543e-05
718267233,0,0.00039822226247538506
715479483,0,0.0009918219671304761
711164508,0,1.9781994112960343e-05
719294433,0,7.864746397154979e-06
714412308,1,0.9997412627698828
716434533,1,0.9999768156643679
719061933,0,0.0006477221961285287
719091333,0,6.455400712321157e-05
716573058,1,0.9999690842864185
740784258,0,1.8766118745737812e-06
711863433,0,0.00034654966451999196
780529908,0,1.3488117035264106e-05
715132758,0,9.500463890365717e-06
713934633,1,0.9985074902447435
827423433,0,4.194499393434924e-05
708385533,1,0.9996548836186747
789407958,0,2.5678284224009193e-05
712589658,0,8.921522202232176e-05
714759708,0,0.00015156161604541993
826068183,0,0.00040065169179040135
709913733,0,0.000821201021303757
789744033,0,0.00034940267289163473
710926383,0,3.94364725959168e-05
714052158,1,0.9998975658172972
714900408,0,0.037043074821643894
787532808,0,3.211211462071916e-06
802449933,0,3.599990232113938e-05
755996583,1,0.9999910281710518
709625733,0,8.191193728027521e-05
719686458,0,0.008363479354086649
708642708,1,0.9999981979333126
790082508,0,5.968680937718689e-05
713205108,0,3.2169680691401488e-06
710838108,0,0.0005855188716903035
714427608,0,3.100440339525525e-06
711655683,0,2.2102910112403653e-05
826168083,0,1.509363485436301e-05
708553008,0,0.012899505190554524
719554758,0,9.662994773255143e-05
820383558,0,1.954566373122495e-05
817293258,0,5.527438249408334e-05
709275558,0,0.0003535341765689238
816078708,0,2.377359803794943e-06
719490108,0,0.0005696548071866893
710410158,1,0.9131735390582293
813961233,0,6.11790127652347e-06
714259533,0,4.7984123266491896e-05
713550483,0,6.395622020688836e-05
719073483,1,0.9970960144184077
710428308,0,4.249782373791765e-06
779340183,0,0.0003110073733385552
788820933,0,5.601294519772448e-07
798022683,1,0.9998552804830046
717273333,0,1.2097327933499442e-05
713952558,1,0.9583182545874153
712545183,0,0.0051912024292818685
789611283,0,3.969366250852848e-05
713339283,0,1.6651804403172863e-05
721032633,1,0.999920748538055
719953383,0,9.501420498182895e-05
712814658,0,4.773994063484074e-06
711764733,0,0.0008580588541919611
715915458,0,2.8623404754669776e-05
720712533,0,1.1801694801664508e-05
709984083,0,5.622241228369098e-06
719268333,0,1.504255175837891e-05
790048158,0,0.0020375672684410794
717856983,0,0.00026298307499984596
715545933,0,5.341123112033539e-06
709861008,0,1.850485814607187e-05
712863183,0,0.00012445954230409486
712423233,0,1.8114445498614273e-06
711648708,0,4.5538289910644993e-05
714864333,1,0.9996564285087276
788830683,0,3.9215673216991136e-05
719358333,0,0.0007302386648534052
789541458,0,5.8561404110722814e-06
711589758,0,2.6864704640963754e-06
711574008,0,0.0012872096590457952
779548008,0,8.522617128752269e-05
801037833,0,2.3239756562926957e-05
720924633,0,0.0008062080425725444
718596858,0,0.0013492678534469387
737967708,0,3.989676022077447e-06
798110358,0,0.008310921349091456
789582483,0,2.012191913680086e-06
710529708,0,0.001224771609397698
789526458,0,0.000505522507515503
711039633,0,0.003797484032989474
828294933,1,0.9978491953119345
720422358,0,5.688137693710856e-05
720252858,0,0.0014558821489852436
788966958,0,0.00016554823921634143
714435408,0,5.285933830539556e-05
713453733,0,2.375720888897213e-05
711208083,0,3.6530363182596883e-06
721220583,0,9.050713317803638e-06
720205608,0,4.306345997362376e-05
789983133,0,0.00019389001981702007
787581858,0,8.380217549685317e-05
708705783,1,0.9963484117456322
717234183,0,0.0008374796895451055
808705758,0,2.1654537084734174e-06
711183558,0,0.001565484973039096
812979408,1,0.9999552064075595
715354008,0,3.499391759205091e-05
721062408,0,0.03972822974105895
712410858,0,7.749412453037424e-06
779116158,0,0.002423381232832195
712866933,0,6.313205319881782e-06
710411358,1,0.9999288577983857
771881283,0,1.804004969193734e-05
715363908,0,0.0031675559852946213
789560433,1,0.9993015651738767
709752183,0,0.00011693386314106702
807161508,0,0.0007287685243818927
708393633,0,0.00018106336547584834
771886233,0,7.301618661958335e-06
716930133,0,0.0013840398516820358
809937933,0,8.447146176006768e-06
816596583,0,0.0003156350830545936
718803333,0,6.970198801883226e-05
795237183,0,4.318184748290923e-05
720419358,0,1.709548671504848e-05
719514783,0,9.90726839030933e-06
780374133,0,4.231692017470213e-05
810868758,0,8.014437328274571e-06
714286383,0,3.89455543467276e-06
708588408,0,0.00013151923182764389
813338733,0,1.0378795923776464e-06
788826408,0,4.130690412017032e-05
713134458,0,0.0007619831834988259
716350008,0,2.6175745982142347e-06
738062658,0,9.552480010203085e-06
709449333,0,4.866616712802602e-07
718665933,0,0.00022232348920181748
748503708,0,4.328728443241091e-05
807141183,0,0.00025279318751003334
766381908,0,4.521508855023675e-06
822112383,0,5.933928063711953e-06
709061658,0,0.00011193395621672531
797166633,0,2.273273852288587e-06
789435783,0,3.627493239815447e-05
708266883,1,0.9996149965159202
716793108,0,6.563411654207092e-05
712253058,0,1.1990014427330206e-05
716430933,0,4.646572373204963e-06
715746633,0,0.006209377801576689
714842208,0,8.339465064033981e-06
713879283,0,0.00031390642041719067
778679883,0,0.0004428446733782427
712110333,1,0.9999857395607307
720724008,0,1.1419194991416412e-05
708387933,0,0.00044174403607083495
712165308,0,5.980744108041676e-06
720283758,1,0.9985030727427651
708473133,0,0.00037995725152432854
810493458,0,4.4926144840330196e-05
711122958,1,0.9994548754202491
721502958,0,0.0006959937530964213
715908558,0,0.0003175029760804173
711594858,0,2.033653658844905e-05
789513858,1,0.9999698327263215
712795833,1,0.9983311566909364
719628033,0,0.0009137348174070681
718282983,0,7.273469588634511e-06
714121983,0,1.0985411076541538e-05
709791333,0,1.8703306176239266e-05
779916408,0,0.00010631415987505051
711657783,0,3.00449599546631e-05
780203883,0,1.508434986107288e-05
709367433,0,0.0003351589273128663
736145283,0,3.780763735322427e-05
711516783,0,0.0006179107802920526
712104333,0,0.00012074649278953566
711116133,1,0.9999292559435871
712988958,0,8.987667799945896e-05
771201408,0,3.2216693722059098e-06
712011633,0,5.379463904451994e-06
713579733,0,6.284993383014783e-06
796544133,0,0.00010418890010968885
709272333,0,2.138518546280711e-05
715153158,0,1.820137269246924e-05
779342958,0,8.357437392837051e-05
810545733,0,6.450389985118771e-06
805453908,0,7.565935778009836e-07
817086783,0,6.335030705807899e-05
714943233,0,9.032661423712518e-06
789097833,0,3.790052082597429e-05
759584958,1,0.9994194474912804
708886533,0,9.676478508593727e-07
708761733,0,0.013581122985014607
711600033,0,0.00020484524113740255
769935783,0,0.0001273378629206359
717446208,0,1.8170596640555714e-05
721121283,0,8.73068548104338e-06
819151083,0,1.4891667242612782e-05
716470683,0,5.7133820921418344e-05
779643858,0,0.0006499176228903966
787665258,1,0.9998799978814281
787475433,0,0.00017403498597938177
717448383,1,0.9997757786982749
710812533,1,0.9999314559288305
716461683,0,9.076742336808774e-06
814571058,0,2.6064656758324086e-05
712071708,0,0.003927833869887091
720769533,0,0.0002875094410117789
794581533,0,1.424357374760047e-05
715732533,1,0.9842693225248244
708286683,0,9.23018606352533e-06
708543258,0,6.600840674808222e-05
713809833,0,3.2240480000027444e-06
793636308,0,3.0563372327931045e-05
789095958,1,0.9989830965175323
757722708,0,3.9035443436830185e-05
738627708,1,0.999376930622665
820353558,0,0.00028325531395423706
718739508,0,0.011715962595743106
788943333,1,0.9566869180749284
708397008,0,2.1949881820621183e-06
711392508,0,0.00013847338522281604
780653208,0,3.58476206580904e-05
710251608,0,0.001318387708723579
719354433,0,1.036322178850524e-05
710676483,0,0.0002744868188137038
826414083,0,5.3481997114668555e-05
720673008,0,0.00039981416004488735
716736858,0,3.181010251294162e-06
715660308,1,0.999690240203854
785387883,0,9.30804775597924e-05
721028283,0,1.7940623092063806e-05
717797658,0,5.810935262900345e-05
712390683,0,0.017991909036749548
717965808,0,0.0001859083266663549
721514883,0,2.1390442869315168e-05
718477983,0,5.599187879419222e-05
719671383,0,7.449966876844516e-05
711191808,0,0.0006272811666360258
708637758,0,0.00030015380624637267
794675058,1,0.9999250454561043
720508233,1,0.41860970060138863
713094483,0,0.0003767529379727192
780064983,0,7.810533392968169e-05
710155158,1,0.9998179821085147
710904708,0,1.200016963569935e-05
801715383,1,0.9999575201410517
806889633,0,0.000142731615079957
794831733,0,4.1327819122671424e-05
712019883,0,6.171257980117464e-05
770956158,0,6.77280801488787e-05
778386033,0,0.0077613816495897235
708147108,0,2.8825027513557266e-06
710310108,0,0.00012434403014305906
771982083,0,2.5054538175094127e-05
714754533,0,1.8014764622347662e-06
717626508,0,1.7244667370405794e-05
718328283,0,0.00010524703748116053
716739258,0,0.00041143980641862224
714277758,0,0.00241636847198194
720210483,0,2.4070029448881286e-05
720411183,0,5.4214889036927634e-06
711379083,0,2.3889048516290393e-06
798558783,0,7.445411587187644e-07
713363583,0,4.344726143320741e-06
720339558,0,5.64235792553207e-05
715008858,0,8.4767851629844e-06
779037408,0,0.0007840722945594839
721513833,0,1.3075234851559647e-05
714311583,0,8.57111176946834e-05
797414733,0,0.004941895637140277
716864733,0,0.0003341326451402379
712924383,1,0.9997705087025669
719854008,0,0.001143800808844596
771630783,0,2.677445135068241e-05
771471708,0,1.770138060111789e-05
769463433,0,0.0002110439945801772
711377808,0,1.7523540173717274e-05
713133258,0,0.00014185648253349603
718162908,0,0.010185499154717947
713257083,0,1.72199416908293e-06
772687983,0,1.1000947392516075e-06
711535158,1,0.9992806648716521
799700208,0,6.6582356947064875e-06
717177783,0,0.0002778225512508219
711402333,0,8.848287079133307e-05
714304458,0,0.0005975085776495928
713347608,1,0.999651739135493
718303683,1,0.9999084145519636
714317058,0,8.720611211710133e-05
718152333,1,0.9999601061005908
716385033,0,2.385657711766766e-05
720674133,0,0.003111880058792616
719153433,0,2.2544840828216353e-06
712765158,0,0.006578541086454254
713229633,1,0.9998118540459159
712256358,0,0.0003441279844694963
717656433,0,7.97056303359666e-06
771081558,0,5.417808179154918e-06
710702733,0,0.0001612235881658504
779612808,0,0.0005769259058834546
713904708,0,3.900693565334962e-06
716546283,0,0.00012946058408872893
711670308,0,0.00016127594912139934
710856558,0,8.70378045875848e-06
713639958,0,0.0004920428858780297
716987358,1,0.9998929131893743
720008133,0,2.17234482691111e-05
710084883,0,1.3001237146246906e-05
816476658,1,0.9720457679821873
778486008,0,4.5667566581977e-05
769053033,1,0.9999425742820852
716171358,0,1.5193409064231032e-05
772684833,0,3.720611536975242e-05
709485033,0,2.6104288196797853e-05
713352183,0,8.233553724727749e-05
712557708,0,3.531705210531449e-05
821149008,1,0.9996885026436084
711816108,1,0.9999866644637597
712532058,0,0.00023442180906617328
718811058,0,1.0735576174664132e-05
713696808,1,0.9999869605707032
753233733,0,2.9773069857288087e-05
717030633,0,6.979810367185456e-05
718320933,0,9.764343219627886e-07
714608583,1,0.9997482845188079
715942683,0,1.4139123242437715e-05
771356508,0,0.0003763633646802081
711326583,0,0.0008313946075070487
714621183,0,8.358226126406872e-06
712805658,0,4.762899799884935e-05
808981608,0,2.764024372511016e-06
718337733,0,2.371304984142486e-05
715921758,0,7.749156810722727e-06
779803008,0,6.429746581365333e-06
717195933,1,0.999998398488375
712562433,1,0.999958930119741
769578108,0,3.2999033931104746e-05
715442958,0,1.5073461551559934e-05
708402333,0,6.261728469199688e-05
719334408,0,0.0005063933575348155
788246958,0,1.846651429491938e-05
780336258,0,3.842699808743736e-05
772706283,0,9.843198138100542e-06
780684933,0,1.0352885002462406e-06
712927383,1,0.9999958821552791
712820208,0,9.385498247254621e-06
721434483,0,0.00030075229400704104
720659283,0,4.3342538279827e-05
716004258,0,3.397645151344316e-06
713111883,0,0.0005453375366446688
772248408,0,0.00035661708457245396
787492908,0,2.115375663162545e-06
718227033,0,6.199811842782438e-05
711320508,0,1.201473458982754e-05
718828083,0,1.0031653894083443e-05
709823733,1,0.9978342609762052
772116408,0,8.697055049481046e-06
717355533,0,3.711902884286828e-06
715932708,0,2.7066482202919058e-05
719679858,0,0.0024924271672895465
772323033,0,2.436940631119424e-05
714168183,0,0.00036771638202799374
710719683,0,1.1857157816044702e-05
719876808,0,0.00011287355194325475
778894233,0,2.547506730849901e-06
712881483,0,0.027217359338359504
789481233,1,0.9993412292581683
714767508,0,0.0001493390790873883
789144633,0,0.0015180102813534704
710635083,0,0.0012515110393427995
711557508,0,8.675982815423921e-06
720650208,0,0.001381585296817301
810856833,0,7.35571589604465e-05
712828533,0,0.03491460127961282
714503433,1,0.9999900177916986
817245183,0,9.551688981688613e-07
709106358,0,0.0011336443677619913
720179883,0,8.899860278890659e-05
816756783,0,5.635392355353264e-05
812501358,0,4.91825295664102e-05
717203958,0,5.393293228913773e-05
719661558,0,0.000214538210744894
716297658,0,0.003963976534891742
756065433,0,0.0017242638056150568
717076458,0,0.0009561923719929409
716586408,0,0.00014761521785978406
719776608,0,0.00516878945484766
710268858,0,2.6761307704401032e-05
719400108,0,4.6886182232979816e-05
715398858,0,0.0012276239947670972
717359208,0,2.9567200735899647e-06
788595183,0,0.0001711470675035264
772082208,0,1.2605410533120218e-05
720770883,0,0.00040327478770974776
716263533,0,2.802129361992997e-06
719848008,0,8.111379821301437e-05
717073308,0,0.00033096744230598713
716277558,0,0.0004864604403933207
712010358,1,0.9997387195714138
709319658,1,0.9996336479859703
794665608,0,0.0011775179209963834
708997833,0,1.6049230005453612e-05
717135333,0,2.477284093431727e-05
795784008,1,0.9999124131938425
711728208,0,6.048874310307137e-06
737925558,0,2.844070404235139e-05
719147208,0,4.551246325107009e-05
715941633,0,0.0007681734157335262
714078558,1,0.9999305548266264
719453283,0,5.477180909085543e-06
794507133,1,0.9995511469073314
710790258,0,0.00016388985188091047
755953308,0,8.375672601874094e-05
712710708,0,0.00035648105489381315
717843783,0,0.0003025210319240724
710297133,0,1.2324401918157658e-05
716222808,0,1.2383942035868313e-05
714069858,0,0.0004801358050636451
787659483,0,0.00017881402461132135
757167633,0,4.932152932367402e-06
717207408,0,8.925418913922224e-05
778224858,0,1.9461131107429807e-06
709103358,0,1.1990835383399876e-05
816829608,0,0.0011111426729582112
719838558,0,7.490839470985412e-06
718161708,0,0.009580120189482453
717382608,0,2.4138786719108345e-05
711762408,0,2.7636385145399478e-06
811571733,0,0.0007384692767213988
779403558,0,5.460336301158611e-05
718399233,0,0.0006314858305544573
711343233,0,0.00036211099900208924
779536233,0,4.9856187934841787e-05
718893333,0,1.5145975768111349e-05
716697708,1,0.9999347119661307
708788583,1,0.9998602713066916
713808633,0,6.795096124339373e-05
721210158,0,0.00016516136603799192
789666333,0,3.0296910380348946e-05
710872233,1,0.6191965357505214
780497958,0,8.610654797111334e-05
798047583,0,0.0007625351576471966
817089408,0,7.87851976149854e-06
787472283,0,2.4840718431887394e-06
801786483,0,0.00030733415778762756
709040508,0,3.86846079440711e-06
709257708,0,6.507057985941695e-06
753118533,0,2.1005412936456262e-05
812222208,0,0.0017625104629173834
714187533,0,0.0024520776443912855
789180933,0,7.793605738244619e-05
718140783,0,0.00010151460480958579
713924283,1,0.9652291194578367
713236458,0,0.00029104591220427384
816315558,0,0.0006185614598510546
770135358,0,4.883152141619742e-06
714284358,0,5.115126190257798e-06
712965183,0,2.238788702056196e-05
713668158,1,0.8644969290556664
784819758,0,9.57223245189311e-06
712025958,0,1.4801910486989084e-05
713653983,0,1.8824618762916357e-06
712619808,0,2.648660473886167e-05
710086308,0,1.9422951870938674e-06
711781233,0,0.00016154103402789502
708254733,0,0.0009673178536003845
788930358,0,0.0002608096612261342
714361083,1,0.9997267810458658
713253858,1,0.9999325430846892
771020133,0,0.0012958105245579321
719593608,1,0.9998887190915097
714407058,0,0.00012841534503117388
721282908,0,0.00030204324618001566
771507258,0,8.794543829036296e-05
716285358,0,1.948666055443607e-05
711985833,1,0.08203976895666747
717182883,0,6.343853667793515e-05
714618333,0,8.538379792577853e-06
709443633,0,5.075390853744774e-06
778180158,0,1.476270070566645e-05
713755458,1,0.9999830792859111
767269908,0,4.641240723128441e-05
778231983,0,1.4862790644813986e-06
769911858,0,0.00017526308571232072
711866358,0,2.927012650603538e-05
774437583,0,6.393427366426635e-05
711232608,1,0.9999166977170025
721315233,0,3.778592933404845e-06
713401758,0,3.0467505904009925e-06
769438608,1,0.9999518971565822
713172408,0,7.042074581259391e-05
778425408,0,3.505999221276629e-05
718611333,0,6.400213926155008e-06
771400608,0,0.00010426487479035763
719990358,0,0.0001407172767301596
714250908,1,0.9999696644874586
715992558,0,4.159852069574673e-06
713181558,0,0.00027475234760569647
793597833,0,5.391303397069804e-06
816013383,1,0.9999696484116719
715518783,0,2.011850127108028e-05
779353083,0,0.002215006330878682
719881533,1,0.9992715873632255
792864858,0,0.0001975342023998389
808681158,0,0.0015489153349787183
717390408,1,0.9986943751471656
720551733,1,0.9999431503807811
772273983,1,0.9999905859160317
720648483,0,0.0006067426328686558
721486908,0,4.4247004811374706e-05
716657058,0,4.518234154531991e-05
713630733,0,0.005177571756145703
718586133,0,6.529044813219e-05
717482658,0,0.00015965610295938808
718503108,0,0.00015413266386822807
714148758,1,0.07714759900523192
708902883,0,0.00042844322376574
771499233,0,6.553951619175042e-06
714113658,0,4.1013078051809e-05
713231658,0,3.5355401191869774e-05
708319908,1,0.9999576875251353
715629783,0,2.483222072923477e-05
820587258,0,0.0002911731279347918
771852483,0,0.0003531116690966495
712578933,1,0.9983948736020242
711263058,0,1.2014367218539443e-05
779405133,0,4.4291122362831124e-05
716094333,0,5.056418323680448e-06
778837083,1,0.9977516687022697
712434708,1,0.9999882108297274
771431133,0,0.00023898475362036078
709716258,0,2.0866740394355224e-05
710464683,0,4.660283341174402e-05
787543008,0,2.696606063463537e-05
709363383,0,3.394000000230278e-05
817988433,0,3.1181270906950164e-06
717189183,0,4.985990022159317e-05
710854008,0,0.0017788584898113886
714531108,0,5.264686798359789e-05
778420383,0,5.5655946701256506e-05
809068983,0,0.00038629800148452304
713131158,1,0.9998171002043451
709649958,1,0.9998396770991403
754886958,0,3.7969492100679415e-05
713476758,0,8.234145451219846e-06
709473708,0,9.285793915822942e-05
708190158,1,0.9957450212162097
719813058,0,0.00011832943747554991
708158133,1,0.9997353021753209
815826708,0,2.4507516002762167e-05
712682583,0,8.143230410893576e-05
714917583,0,5.057768014814641e-06
711577458,0,4.0781674615444854e-05
717623583,0,0.00013141305733893114
708899283,0,0.001253545621204711
720249183,0,9.198591333583952e-05
718653333,1,0.9999968423236787
721424583,0,1.8401370843782202e-05
708451233,0,0.0003585767213559333
788122533,0,0.006279926710929515
708298233,1,0.9990033696766591
711935283,1,0.9998488375286577
769892058,0,4.6099798226134524e-05
717954333,0,2.7080038748214796e-05
820108008,0,1.24259734353881e-05
712840608,0,0.00015869961275451422
817240833,0,9.292843196302088e-05
771051783,0,0.0006996977977126516
779895108,0,6.960440758546915e-05
714811533,0,0.00028326447651187394
714945708,1,0.994201452006111
712925808,1,0.9998779749040629
712302783,0,5.046184329715395e-05
710725383,0,2.782554702785568e-05
708710283,0,6.4417449169997085e-06
708382083,0,0.00038806644624546187
767404083,1,0.9999765342052549
773297508,0,0.00024507160713489626
717478983,0,0.00022947218836971074
709679658,0,6.7100232560259215e-06
721427358,1,0.9999352175031038
718178583,0,2.119367976786393e-05
718489608,0,0.00016482351408461765
721349883,0,0.0014604849397913025
787505133,1,0.999606510095829
711521958,0,1.3018566447037093e-05
708271833,0,0.00026445196501946334
711242058,1,0.9996342284220758
718524783,1,0.9997271561999312
715050408,0,8.661334356527605e-05
757527033,0,0.0010237830212711239
717580458,1,0.9990531046668168
714938733,1,0.999978554156761
719170683,0,3.05342901859398e-05
715347783,0,0.0008313482232704088
790108908,0,1.468052679853226e-05
789218433,0,0.00019820256554819386
789469083,0,9.81743346521309e-05
715797783,0,0.00020074564903443156
713761608,0,5.0762983092435955e-05
771669183,0,7.620799991356734e-06
779521533,0,2.2176706566629327e-06
715554708,0,0.00012987711780049603
767687208,0,2.399618211532969e-06
708655983,0,0.0005918169729513998
720729108,0,2.3242419115085484e-05
708722583,0,8.324806004433745e-06
715371108,1,0.9996399386149392
797238108,0,4.323893287331895e-05
718640508,0,0.0010405418915617676
709487058,0,2.734751646921278e-05
712948383,0,0.0002641406778421908
708469533,0,3.250193204602945e-05
709104333,0,0.007892945958276347
755420433,0,0.00012001631798302884
718996758,0,7.23811297178951e-05
719445633,0,9.952720291793166e-06
709231683,0,0.000267686406796001
708846183,0,6.830768535574234e-06
826723308,0,2.080971735738368e-06
710825658,0,1.7773090741990796e-05
796931508,1,0.9999747919193908
808753758,0,5.018793667077718e-06
789494133,0,0.00025908681427802343
816312633,0,0.00080065386108873
720029508,0,4.698245015957274e-05
714971583,0,4.6748987734585155e-06
789325008,0,4.2799802200006876e-05
713287608,0,0.0023052014077758805
754872333,0,0.0004035361680067841
713573508,1,0.9999694768546666
718875483,0,4.171748181660025e-06
780237033,0,9.217278164295817e-05
710363433,0,0.0001398470768650395
795232683,0,2.6719914487391187e-06
719577258,1,0.9999459857551914
717400533,0,0.0013978570246372798
713047608,1,0.9996791028289079
716645883,0,9.082009497896702e-06
709707033,1,0.9999159735179358
711112683,0,9.86865716669481e-05
799723908,0,3.512762366331494e-06
712290258,0,3.0347389054749286e-05
710462433,0,3.3620313402051653e-06
812446158,0,0.00013644182678900323
788741733,0,5.155997898649507e-06
780201633,1,0.9999359621914726
713656308,0,0.003760064136976606
710749458,0,2.5829509718845165e-05
817142433,0,0.00039836640107463974
789491058,0,0.0035252148728002323
812488608,0,3.117669507391887e-05
710563458,0,2.4809744866902116e-06
716013858,0,0.0001950658366255614
717890583,0,2.6158029012383695e-05
789540108,0,1.359803993655378e-05
708753633,0,0.00013821641151350907
772776033,0,0.0002580084637219817
751283658,0,0.00010044287902101618
711237633,1,0.9999500660280235
817197333,0,0.013663343950053058
718737708,0,0.00016635952979745833
710507733,0,1.021923556589747e-05
712979133,1,0.7922827737271336
717975333,0,4.699966040721935e-05
787563858,0,9.56342360658617e-06
779442783,0,5.932258001388594e-06
720608658,0,3.0059007956107755e-06
714524583,1,0.9998917712013146
713580633,0,0.0015713377554358564
712214283,0,3.0178768777431433e-06
720190083,1,0.9999956958601435
718394658,0,0.0001731523557217202
708615183,0,2.9269815031234716e-05
827476983,1,0.9799650619087319
803335008,0,1.2974807391550898e-05
711658758,0,2.275600917711802e-05
721232058,0,0.0018085633890650848
809599158,1,0.9999619945098446
717127083,0,3.819319250170823e-05
709243533,0,4.585765659943807e-06
711267633,1,0.9999683372986853
809849358,1,0.9995798776058732
720708183,0,1.697862385125485e-05
805259733,0,0.000524866064121111
712660308,1,0.9998716034392111
714296358,0,0.0003849489846846444
823578483,0,4.851094434145511e-05
709749483,0,2.573222966982926e-05
715215108,0,1.9524720434840007e-05
718415133,0,0.001681044932249575
710500983,1,0.996017069500681
714970458,0,1.7462552173643946e-05
708931908,0,1.1628538262835253e-05
749571633,0,1.4983417495747775e-05
801508383,0,6.52433543021377e-06
717185658,1,0.9999353713228231
812618883,0,0.00019503593602773113
819002508,0,2.9601948727790278e-05
710218233,0,0.00014806194690464205
719344608,0,0.002238213092104967
718464258,0,0.00014401663436000185
710512833,0,0.00025246310419272934
718032483,0,1.4151822905645233e-05
710159658,0,4.755206496663678e-05
715765758,0,0.00022825645868330456
811700058,1,0.9878113071944146
806824908,0,8.296752332360975e-06
712428333,0,7.263936176254148e-06
710971908,0,1.5216023585281006e-05
718011783,0,1.8452140782595873e-05
721399833,0,1.663601665509573e-05
710975883,0,3.685680270963361e-05
712420833,0,0.00017513145079017293
803115258,1,0.9999086110037599
721005108,0,3.1778427296025223e-06
788610258,0,1.747823673801887e-05
716159958,0,5.8122136884522465e-05
789231858,0,8.70975311578196e-05
719123958,1,0.9999935163966128
719337408,0,0.053989368368014594
779486433,0,2.9130990818324184e-05
817337958,0,0.0019878158238963053
712774908,0,0.0009114124183608909
813234108,0,0.0004950045489497596
792524358,0,0.00020491587084631524
719282433,0,5.183416768438933e-05
720299283,0,2.8839981734194764e-06
709479558,0,0.00041779539475944545
716102583,0,0.00026703492978198494
713733633,1,0.971628225672732
795155433,0,1.1622714699564402e-06
711783483,0,1.0191616480139301e-05
721532583,1,0.9597619253857853
714753258,0,5.2422940072576804e-05
721055058,0,0.0002792586801438517
720510333,0,1.38062118569749e-05
718146258,0,0.000921720803173515
715664808,1,0.9999656941447878
719964933,0,1.4731468609668449e-05
709173108,1,0.9999811792875724
719722308,0,0.0010924016960335112
719666283,0,0.00021058420861583648
780006783,1,0.9999931707623538
715601808,0,0.00022833552266264458
769720683,0,1.043404855652496e-05
765692658,0,2.6731406899363625e-05
717819633,0,2.343101571853108e-06
718699683,0,4.074147202748989e-05
797169633,0,5.6393351688322026e-05
710636208,0,6.454644044898452e-05
709309308,1,0.9997100055959418
819690933,0,2.8029847413375984e-05
711615933,0,5.738973880612362e-05
714933783,0,8.041849790796151e-05
778643733,1,0.9996914853774815
712867983,0,0.0031354365441111586
718939083,1,0.9999480855556396
713512308,1,0.9793798276438204
790123983,0,1.4051595172551744e-05
711153783,0,9.837839969304e-06
744483633,0,0.0005378760283620132
719971458,0,2.376153500249276e-06
716506083,1,0.9998845256561713
716329383,1,0.9983326798842801
719719158,0,7.069796097273108e-05
716107158,1,0.8508957787696039
714477408,1,0.9974993363827099
773146383,0,0.0032976977722375743
708635058,0,3.370788589664035e-06
803421108,0,0.0004246219213535271
716210283,0,1.1015340018424302e-05
711315783,0,0.0010579988483527755
712489158,0,0.00032455854287024194
718576908,0,5.6772390403015835e-05
753208833,0,0.0014981125337853965
798546408,0,1.75562374020618e-05
827114058,0,6.584752471215176e-05
771453033,0,0.0007176002381509561
718452633,1,0.9999843560482619
718026858,0,1.2198838089057432e-05
721181883,0,0.00018900028594600343
717609633,0,4.177357687890312e-05
710927733,0,0.00011216968323765995
711551958,1,0.9999736872466037
716365233,0,8.51482514793314e-05
783121008,0,3.6005873151438954e-06
716780283,0,6.470882974259774e-05
718471758,0,4.786924619381203e-05
756571983,0,0.0019191985243187971
714700158,0,1.627964473795679e-05
794191008,0,1.3580595693424754e-05
711000933,0,2.1096886748470483e-06
789025083,0,1.1009756512826457e-05
717074283,1,0.9997453444430365
714243408,0,0.0001533619766521662
716462658,0,0.0004184536323373521
719944458,0,4.254605498132577e-06
718866633,0,8.900316140126198e-06
714247458,0,3.1684919636591824e-05
783910008,0,1.9139832764791727e-05
714294183,1,0.9999841167141997
789530208,0,0.0024350976378744206
714389058,0,1.2587964740843613e-05
772661808,0,2.28084597890872e-06
710135058,0,3.455481448647767e-05
716805408,0,1.22874923935633e-06
789304983,0,0.0010337844446820742
743912958,0,2.489030614769747e-05
715311183,0,2.4579768610456147e-06
720264783,0,7.864851834771784e-06
788771733,0,1.1180386635785558e-06
711724083,1,0.9965475167451611
717628608,0,0.0015266344853787546
712319058,0,0.0002927135816303095
772231233,0,0.001022279207729072
715315008,0,0.0023943844433270585
778853358,0,0.0003615272883253099
714581358,1,0.9999828158469951
710810883,0,7.086899199667453e-06
709879458,0,5.269165250971772e-05
811970808,0,5.246235735726359e-05
720015183,0,1.3960244638559112e-05
708907833,0,1.5420618632275528e-05
826261008,1,0.9999505503875298
794682483,0,0.00016427241035459351
708098133,0,6.593312817645187e-05
711069483,0,0.0015855248892561828
709537683,1,0.9991781934036696
710770383,0,0.0005553359408422701
809811858,1,0.9999307187566558
772216833,0,2.9669681179227516e-05
717830583,0,1.3117743787002471e-06
713779908,0,4.4039915926564976e-05
712507758,0,5.7717824624839384e-05
716093133,0,0.0002423762212375995
817382958,0,7.415616615589343e-05
714400308,0,8.040366617631401e-06
789466008,0,3.208885254740685e-05
710289783,1,0.9897208556456615
712659408,0,7.592892509933777e-07
788791383,0,0.00040957715842384034
709822008,0,2.8393435764441998e-05
816615633,0,0.014190086963780537
718521258,0,0.0012744534097103623
713533983,0,5.559425791164647e-05
709444983,1,0.9997723592887507
717405408,0,7.663006142794579e-06
753226158,0,5.983948269485501e-06
780384483,1,0.9986558718907209
720096558,0,0.00037549959095828974
778567983,0,4.372988086529322e-05
711649908,0,5.748316773216659e-06
718038483,0,8.803836273800533e-06
719519058,1,0.9998938349159311
770985633,0,0.00014523983101265246
713600958,0,0.0002050647777164928
719801508,0,1.432995776414358e-06
713686008,0,0.0001252779506948178
720401658,1,0.9991322083807556
715572783,0,0.00012072566433578335
817908783,0,1.4147136806139591e-05
712361583,0,0.00026270628647270583
709108533,0,1.145265846813168e-05
718490658,0,0.00021568421690685115
790006383,0,0.003382570176856743
710744433,0,0.0016069854792549086
780865308,0,0.0017296665906356944
716643033,1,0.999992434019906
789241308,1,0.9999851597161985
721344858,0,0.002556017946425271
717050883,0,2.8994549257927793e-05
788979258,0,3.863109921997871e-05
719125158,0,0.006132960534779945
709545333,0,3.9699929871455226e-05
721165608,0,4.490366534407669e-05
714652383,0,3.3696297241658937e-06
737921733,1,0.1200954843618161
804428958,0,7.353197454563982e-06
720075558,0,0.00047001322787853654
769676358,0,2.0390558424632006e-06
716378658,0,0.008607088584960091
714479358,1,0.9984622596833299
712141683,0,0.0015358449238863398
710005683,0,4.0598671906298855e-05
721228308,1,0.9999937729359742
758833758,0,0.06137463741976504
787565433,0,0.0007688092294097629
780253533,0,0.0005226232642594342
714595983,1,0.9999984439614478
709547658,1,0.9998987438756468
711801933,1,0.9999603001780933
715808808,0,8.945390660896094e-05
711294258,0,4.565374271400409e-05
708542283,0,9.532207651343129e-05
787514433,0,7.158148661673759e-05
779773533,0,0.000992216628735923
807964908,0,8.082514582299497e-06
757753083,0,0.001186268320616503
779331558,0,0.00012699806865008295
799026633,0,0.001067341558728145
719898108,0,2.755928235014562e-05
711252258,0,3.566882101328674e-05
719724933,0,4.879645200146265e-06
715413483,0,4.2781127466000024e-05
751518633,1,0.9974235910201195
742552683,0,5.665863429677684e-06
756598833,0,0.000531739117434539
794562783,0,6.990044993020581e-05
779942808,0,4.343282388934217e-05
789151983,0,1.2942101847141547e-05
779598183,0,2.7262717317739706e-05
720714933,0,1.7398141810214356e-06
708536283,1,0.9993368713486385
714548733,0,5.9606516336090256e-05
713796033,1,0.9960796492366026
770817783,0,3.063036752755444e-05
716032233,0,5.3195607408694295e-06
719806233,0,5.0804484354270474e-05
712835433,0,7.844262822712572e-05
713975433,0,4.262043058210778e-05
715076358,1,0.9980590140943066
720731808,1,0.9531598111368469
714616308,0,4.8716699412649904e-06
717502083,1,0.9986153858482094
789362058,0,9.160687398559932e-05
794530608,0,0.0007581194424652532
709007883,0,3.388845549510145e-05
709219533,0,0.00011940094794193824
787723758,0,1.72130882114663e-05
710968008,0,1.0545657045489015e-05
780638958,0,5.060349714954395e-06
716951658,0,0.0014084938951814264
715956258,0,0.0014788681467833402
785119833,0,0.003699531705525002
710723958,0,0.00015082510292693116
714011358,0,0.00016179849417227406
717724233,0,0.00045303694388874535
754671558,0,0.0012644873212160615
794514108,0,5.9991171528640076e-05
719385558,0,0.0020181589527399377
712637283,0,0.00013448843483070694
714222183,0,1.3742177107605162e-05
709175208,0,8.47952967707998e-06
717112533,0,0.00994554028959064
714426783,0,1.1528943766016455e-05
721448283,1,0.9998646268871926
782548758,0,4.694734607852782e-05
717561108,0,9.711841127715409e-06
720585183,0,0.0005607841869728192
714643983,0,9.52566940378113e-06
712291308,0,1.082396860982823e-05
713036208,0,1.5313345547055224e-05
709979583,0,0.0003748483732372323
717517758,0,2.524419597462684e-05
717271983,0,5.631110876601899e-06
718528008,0,1.4868932217239052e-05
719118708,1,0.9998561220905086
708657033,0,1.8560639963027117e-06
717489033,1,0.9965049256096901
818926833,0,0.024225122813820495
708338958,0,2.4433842065607507e-05
827683383,0,6.320364278352042e-05
717099408,0,7.691857242206076e-05
716878533,0,0.00011372586132787242
797410983,0,0.000202145311906134
789625383,0,0.0008694194459783608
709701558,0,7.222427519034609e-06
708334158,0,7.854281606519122e-05
710638233,1,0.9988118065625115
794496033,0,1.2368659355253457e-05
709738008,0,2.4420849000520004e-06
808756458,0,7.985512177545574e-06
710982858,0,1.3112569731401028e-05
718451133,0,0.0001387195558314611
717991533,0,1.2550737041171114e-06
713104458,1,0.9999793658559973
715783758,0,9.503390363119545e-07
716891583,0,1.9216395110583442e-05
714557583,0,0.000814819450980592
714840858,0,1.8857120015837996e-05
788911458,0,5.485599878478003e-06
712521783,0,0.00029900053625017665
716756133,0,5.981490530977858e-05
793550958,0,0.00017004686337829285
768687183,0,1.2570621817050688e-05
778170633,0,1.3752792523015885e-06
789307833,0,0.0003691194530742883
718291233,0,3.8174081834630295e-06
718984533,0,7.395761846036012e-06
794293908,0,0.000371902480913471
708829758,0,0.00021879159047062725
717016833,0,9.552015088659851e-05
711339258,0,2.6193273200701457e-05
708754833,0,3.106024290207744e-05
716773533,0,0.00029211967099032355
788896983,0,4.270525853295725e-05
715694433,0,1.822000635128004e-05
708403308,0,0.0012336312745650669
715511658,0,4.739507429887694e-06
717327783,0,7.284987625077086e-05
717384183,0,0.00013157373054705214
818929158,0,0.00032546875767535804
789539058,0,0.0011345281700874518
718357458,0,0.001380103404211635
709530408,0,0.0001396525010914637
826245858,1,0.9983595092323424
716800908,0,0.00022922893456332914
714425283,0,1.9747120666793397e-05
718345233,1,0.11388269678269099
713128833,0,0.0034637928658186583
769577358,0,5.562196452332012e-05
758824608,0,7.153934993775004e-06
716742483,0,0.0006699358359533717
710905908,0,1.5739568952535824e-05
712902483,0,1.6269040846925496e-06
772105608,0,0.00010156565760757806
809951133,1,0.9420803188359427
710015733,1,0.9998826788647946
716893683,1,0.9998098536715401
788808633,0,3.335407030922497e-05
714100008,1,0.9992873545483706
717211608,0,0.00022771602279248742
711008508,0,4.6520445231949374e-05
712899333,0,0.0008229181193285942
714091983,0,9.998820456083443e-06
802878408,0,0.0005694001721369695
715958583,0,1.6907456625670302e-05
716142858,0,4.783944853902425e-05
720449208,0,5.813237064123493e-06
739021908,0,0.00014821268641138362
817035108,0,3.548912042585209e-05
718957083,0,5.445983978975819e-06
712084383,0,6.383705459078374e-06
771952683,0,3.873937723269234e-05
719782458,0,3.7893770319500215e-06
721164483,0,2.9282292668472985e-05
806989008,0,3.67836963604431e-06
709624533,0,0.0005431726947393642
710570058,1,0.9996691603600935
713114133,1,0.9998907053668246
771224358,0,8.387846471048705e-05
809440008,1,0.9999929457881728
785515533,0,0.00039677080735987607
713709258,0,6.005656877933532e-05
708104658,0,0.002983971975273563
817958733,0,2.8589017950499736e-05
721183983,0,2.9637251558955864e-05
810220833,0,8.242350979146879e-06
713373708,1,0.9999761158305011
715710708,0,1.0368474034332576e-06
717443658,0,1.7474726642309666e-05
717915783,1,0.9997186049564103
779217333,0,7.05056468630205e-06
710794983,0,6.404336876776257e-06
795855258,0,0.0005970570412039809
788719533,1,0.1384609361563106
720782658,0,3.7007550801749008e-06
720034983,0,0.002167621605286106
713536158,0,6.21318009039625e-06
755262933,0,0.00043674847385138504
719136183,0,5.826634946250934e-06
715898058,0,3.867894737600089e-05
716315508,1,0.9997022950215282
788667408,0,0.0009580807575107168
768949983,0,0.0009715738331382553
778882758,0,2.12316100621366e-05
709465758,0,5.096443579759096e-05
719781183,0,3.9385014506836884e-05
720101658,0,0.0030209585466987546
713782608,0,1.790395459387498e-05
802101858,0,0.0014162530947715703
708757233,0,8.645412647606614e-06
709711758,1,0.9998781395652695
772000533,0,0.0002933381141701782
720827133,1,0.9999884410042563
789903708,0,3.429231821692422e-05
719855958,0,5.822357127386049e-06
713254983,0,0.00012683216353109674
709120008,0,0.048208933509253225
720927183,0,5.258534686247859e-05
716875083,0,0.0004377604354444686
716988633,0,6.448611326138365e-05
711553308,0,3.3777290024289014e-05
788802483,0,1.9636320853215006e-06
708908883,0,6.241709103973908e-05
712644483,0,2.6909011271675026e-05
716311683,0,4.8986393377133075e-05
779707308,0,0.004314176388705619
720595083,0,8.041242731762447e-05
715034358,0,0.00031028007933637283
720897783,0,9.835748146422087e-06
826513233,0,0.000510543047557941
826065258,0,9.034202605032281e-05
772426383,0,7.705167053700801e-06
717972408,0,3.540009389829784e-05
708888633,1,0.9999817492858144
714916758,0,0.00010471528410687374
710888883,0,3.7549473980271457e-05
717296808,0,0.0001420750177779862
713847858,1,0.9996297595334761
768728508,0,8.003750583983233e-06
762020133,1,0.9999860166962798
710706558,1,0.09306304169737441
709278258,1,0.9965873456596714
710679933,1,0.9958395524033054
713152383,0,5.626906185738356e-05
771429408,0,0.0001465022164903856
770721858,0,0.00010472183695618669
778686408,0,7.801984140838104e-05
771682533,0,0.0002635910989750299
712378983,1,0.9847238628743301
714615258,1,0.9997850606793031
713027058,1,0.999967809101988
789485433,0,2.114688357001455e-06
716368008,1,0.9918376525051024
771935283,0,3.2860802293270976e-05
779315508,1,0.9966286573607374
794843883,0,0.00010068460145223075
822084333,1,0.9996748946693397
714893733,0,0.00036864592789390225
719474583,0,0.00322973608908607
717141858,0,1.8268533532738645e-05
712714008,0,7.452627629137484e-06
719570733,0,7.32772694908163e-05
720980958,0,0.0001246743901824999
720964683,0,0.000286419153016945
718263108,1,0.9938880569638218
789101883,0,0.0005236059406762804
809292483,0,0.0005130230381673932
778973658,0,0.0001902281963843303
708560733,0,0.00013124535643569673
721171008,0,0.00028500795253080563
781297983,0,0.00029252189684074735
778228458,0,0.0010272119429498897
797668983,0,4.522541396931511e-05
713492583,1,0.9999473367003088
715799808,1,0.9998584584107245
711647808,0,5.497069722801426e-05
720840108,0,0.00025235132491773144
711349083,1,0.08525783538144915
721247883,0,1.8444335682461906e-06
720497958,0,0.0014420131182356077
719466558,0,0.00026407687337038244
753220383,1,0.999962674653864
757481283,0,0.00033814194800307044
778506633,1,0.9999814908778845
819634233,1,0.9999870225998376
753795633,1,0.9997022490180352
715435758,0,9.214630814286608e-07
772063308,0,1.9859165445958844e-05
718205283,0,4.903013755343811e-06
720863133,0,2.3441890928664632e-05
709288383,0,3.557902309063819e-06
709213458,1,0.9999681561484971
708670608,0,4.0785694974595094e-05
709150608,0,0.003477931251220519
713105508,0,0.0004341048935837845
716303583,0,1.974490606210418e-05
787669233,0,2.5210582978116737e-05
771488583,0,0.00010005271342001928
708269583,0,2.5186649486433672e-05
779809908,0,5.270100092768986e-06
720973833,0,0.0007141271682149904
720236433,0,1.854872771046671e-05
717895833,0,5.479319506740895e-06
718921683,0,2.4891703949454486e-05
713828208,0,0.0007509549903471287
779241783,0,4.4776149826068205e-05
797241108,0,2.1506361583184845e-05
716635758,0,6.3306931433354e-05
714536208,0,0.0011537414178693197
709372608,0,9.104917489431313e-06
769574883,0,0.024163756990623512
718286658,0,5.9788753132003734e-06
714839808,0,9.463188486381168e-06
718342158,1,0.9991521882120368
778573233,0,6.575265410626897e-06
715680933,0,0.00010669328046907498
708396033,0,6.559226667941052e-06
713356833,0,0.0004689883147208412
814593858,0,7.367939618382525e-05
771592458,0,7.435589912527035e-06
827631483,0,1.6031470545133307e-05
811721133,0,0.00016761306935024467
720443358,0,1.8188797299551052e-06
709477233,0,6.854463394484065e-06
711942783,0,0.00025537906791729274
768848658,0,0.00012611987303623852
788772708,0,2.309681437891772e-05
717109983,0,1.4050526257826427e-05
712128258,0,0.005330873773118709
720621408,0,0.014979110382769356
710295858,0,1.5884373549881934e-05
714647808,0,5.507012481496542e-05
712374708,0,1.0059746891662882e-05
715547058,1,0.999992745276464
720539583,0,7.484829800426846e-05
712952283,0,8.976555011009975e-06
710475408,0,1.1539591256141517e-05
715007583,0,1.342068647845059e-05
713061558,0,0.01733331812260527
772288758,0,2.4670262441438315e-05
713977308,0,7.553955162015085e-07
801064833,0,1.9998028042171108e-05
708129933,0,0.00015228958360713265
789167658,0,0.001920001820231128
720286908,0,1.8325544591666318e-06
716565258,0,0.0056196026556546525
708564858,1,0.9997958668974126
778895883,0,4.295116561508668e-05
709410033,0,0.00012711422473646265
710745633,0,3.0704012371114295e-05
709008708,0,3.507343270012156e-05
714738858,0,1.6714795484539537e-06
713639058,1,0.9999816356679797
719739108,0,0.0005758926552381492
826079508,0,9.057775691763881e-06
710795883,0,2.7781816819176703e-05
710404533,0,9.970610601008906e-05
719359458,0,0.0025823191651890235
821837958,0,0.00021888855080640535
710691633,0,2.1194066653148686e-05
779296908,0,0.00571082995727244
710797833,0,9.995105605069461e-05
804337233,0,1.5484918333471888e-05
713823033,1,0.9999799927141027
720076458,0,1.7011745083807034e-05
809818008,0,6.768001133803057e-05
717376758,0,5.2776884761894605e-06
795844983,0,1.6177780780534655e-05
789368658,0,0.00018139506174268038
720462633,0,2.3790136849135435e-05
708938508,0,9.516899528157988e-05
709560258,1,0.9979628243306361
717513933,0,0.00023874545734211945
711113958,0,0.0004540659430658915
713995233,0,1.0878232448070932e-05
717906783,0,0.0018917524344816078
716516208,0,0.0001307372755352508
756658083,0,0.00018756091376111162
718692258,0,0.0001127596994399604
719816583,1,0.9984185684803556
787578183,0,1.7396157438695874e-06
788699808,0,0.015994935991984566
809320908,0,7.009959346124984e-05
789942033,1,0.9961255124006089
714006333,1,0.9975188862119055
710813733,0,0.00015520623130963322
711679533,0,0.0005024403422742627
709212183,0,0.0003436349285928037
807523008,0,3.988754393548698e-05
787480158,0,6.060058069159619e-06
711272058,0,1.0665103678653865e-05
720033033,0,3.255602637805806e-06
794124708,0,0.00018028320226674173
790164408,0,0.0001369339218124723
714831033,0,0.0005849798812626264
718731183,1,0.9999278466598921
827888433,0,5.4752762981125145e-05
711992133,0,2.8000125361185868e-06
711809283,0,0.00011224636503490001
714574083,0,0.001350160353737918
769189083,0,3.0551128709234445e-05
711968358,0,7.140284052937476e-06
711750183,0,4.496864817396723e-05
716511483,0,9.277258669546894e-05
800869758,0,7.950591163167155e-06
715235808,0,7.320171602907469e-06
714199983,0,1.4740118583047248e-06
718540308,0,3.303616446337561e-06
716460933,0,3.697633237816565e-05
780277458,0,4.9995004139713645e-06
798011733,0,5.192228744020081e-06
714046608,0,8.558047104210456e-05
713396358,0,0.00010957506134314073
714005508,0,0.00010579395272331225
717444558,0,7.91372101315669e-06
713905608,0,3.601483989821724e-05
711126483,0,0.000515045539540077
714602658,1,0.9999778129792495
716019333,0,1.8366203843631463e-06
714869958,0,2.727780289761667e-06
778459833,0,0.00026937250873507575
789309558,0,0.0026526100660810964
756736008,0,0.0004238470487455059
779883933,0,0.00010474635755752088
709343433,0,0.0001377710015857941
806908608,0,6.371213792185433e-05
720521808,0,0.0009785472218748835
709523508,0,0.00016620080694706679
708373083,1,0.995761241665663
713325108,0,0.00042796762498521166
819214233,0,0.000603222478436119
713188383,0,0.0005210328250105162
770778108,0,2.901014378979742e-06
716610558,0,0.0006389413042660192
715174158,0,0.00032851082192778425
779608083,0,4.611339314290234e-05
780200208,0,9.159706711737547e-05
718675158,1,0.9999011906121624
817977933,1,0.9996144234538039
755273658,0,2.9375721003978082e-06
715022133,0,0.00040271172415164494
719804208,0,1.0587416892345166e-06
780056733,0,7.289653820334023e-05
780373233,0,4.874841012069998e-05
817188408,0,2.4617098668932018e-05
772073508,1,0.9999868223903113
803805483,0,2.0897101370016304e-05
717823383,0,1.639265896610957e-05
789907533,1,0.9995315312033504
788259558,0,1.9545208162338644e-05
815515158,0,1.800914983919483e-06
713884458,0,0.00029989870519500834
789717708,0,1.562597083132598e-05
708160008,0,7.656744350555222e-06
708702258,1,0.9993308499829343
789023508,0,4.860563691688171e-05
719265108,0,0.0004378555004485546
813213558,0,0.0005160190507261472
802460433,1,0.9999878632987947
717995958,0,1.2733897020091486e-05
710697408,0,3.0536885852079124e-05
805458933,0,9.222332535627159e-05
713850783,0,0.00024897880511072794
713876958,0,0.00012801561442441007
718926258,0,9.741661194010425e-05
717585858,0,2.1904867090135236e-05
710303208,0,0.00041082852248830476
770647233,0,0.0008988147724882448
715459158,0,5.293793462348047e-06
789185508,0,0.00021603846856440334
779305008,0,0.00014459258707411713
713343333,0,1.7460511630136656e-05
749067633,0,0.0014434305337108627
811713408,0,7.5160173269690125e-06
789990333,0,0.0005531442585011656
788770908,0,0.0008025469081311851
709411383,0,1.6649132952320132e-05
708361833,0,9.399077915952875e-05
712801758,0,5.930154412939756e-05
721179708,0,7.23378368517217e-05
708511983,0,2.152954972710813e-05
711388458,0,0.0002902519409807676
720486408,0,0.00039525621919585724
709157133,0,9.038667880509347e-05
712240083,1,0.9999709013458743
782802033,1,0.999818963415216
712091433,0,4.9770779239165035e-05
720494058,0,5.4514847460410576e-05
710277183,0,1.8861637025372466e-06
789804933,0,1.6274244292667137e-05
719022558,0,2.0648030118635354e-06
714573258,0,0.0011531238320454122
709919283,0,7.806154027205138e-05
716481408,0,0.00022494640116490797
719038008,0,0.00019894957930425812
793456983,0,1.775598785733786e-05
720597108,1,0.9994454255363299
715233108,0,2.9456858159352158e-06
709220583,0,0.003988551766561438
779324358,0,0.021687926423976874
712112733,0,4.914794772939646e-05
714443058,1,0.9999438744680086
711109908,0,6.261275837367517e-05
717464958,0,0.0008722043593250012
713701533,0,1.52489143977765e-05
772565883,0,2.537015605566383e-06
758765808,1,0.38118885978606903
716851908,0,0.0001366770959849131
721500108,0,2.1274137595050496e-05
820268358,0,1.1573722822905848e-06
717171408,0,0.0009572735476483241
713567958,0,4.264228203056022e-05
716512383,0,0.020511725190722266
713008308,0,0.00020045201102271347
780942633,0,0.0002208599522180411
716249508,0,5.999349003700748e-06
714909108,0,0.0002367980901729638
778708533,1,0.9998293608048456
772725408,0,1.3086456660747697e-05
709534083,1,0.9999827395068306
817144458,0,2.19382879191721e-05
807157833,0,1.4318448828298913e-06
716371308,0,0.00029937159103030303
716332533,0,8.838081089931794e-05
716924958,1,0.9998568893927618
720904233,0,0.0001702856185258944
711964533,0,4.0327638201517785e-05
788715483,0,1.561373124663174e-06
788832033,0,2.7030993784778174e-05
716022258,1,0.999782950313233
712208658,0,1.761709628406422e-05
710482533,0,1.556377524623376e-05
717661908,0,1.4811752864407815e-05
720254883,0,8.927723114722123e-05
719532108,0,0.005227266613360468
779610033,1,0.999696987377344
819977058,0,2.16650017300611e-06
772202058,0,0.0002950708008259176
717658758,0,7.436400303658487e-05
720467583,0,2.002370275393003e-06
713314533,1,0.9996407839723848
719318583,1,0.9998728160100585
789122808,1,0.9995186887986346
708525108,0,1.1657898884167532e-06
779662308,0,5.633969722938127e-05
717180633,0,0.0004989691830353989
713000058,0,0.0018387256658869882
709747308,0,2.0217684154461016e-05
712235433,1,0.9998831314170298
712405908,0,1.841276928270967e-05
778885158,0,1.0925441113768452e-05
789143283,0,4.455756126652765e-06
721233033,1,0.9996057345472291
718486608,0,6.552096208842218e-06
713249883,0,6.070619323729723e-06
797743233,0,4.131037580033865e-06
778346283,0,0.00025253133824828215
721113333,0,0.00016636988616876424
720707283,0,0.006275220981606943
788997408,0,0.00022238584834154544
710456658,0,1.0010181171039809e-05
808796208,0,3.286987837437049e-05
713685033,1,0.999950646373097
788912658,0,3.546041586086955e-05
712157958,1,0.9974485544189847
711148308,0,1.834372570474852e-05
719117433,0,0.0028038570290831216
